{
    "success": true,
    "message": null,
    "result": {
    "data": [
    {
    "id": 2,
    "parent_id": 1,
    "name": "Cars",
    "slug": "cars",
    "description": "",
    "hide_description": null,
    "seo_title": "",
    "seo_description": "",
    "seo_keywords": "",
    "picture": "app/default/categories/fa-folder-blue.png",
    "icon_class": "fas fa-folder",
    "active": 1,
    "lft": 2,
    "rgt": 3,
    "depth": 1,
    "type": "classified",
    "is_for_permanent": 0,
    "parentClosure": {
    "id": 1,
    "parent_id": null,
    "name": "Automobiles",
    "slug": "automobiles",
    "description": "",
    "hide_description": 0,
    "seo_title": "",
    "seo_description": "",
    "seo_keywords": "",
    "picture": "app/categories/custom/df08f8bf7905f5b3b82c36057c42659e.png",
    "icon_class": "fas fa-car",
    "active": 1,
    "lft": 1,
    "rgt": 10,
    "depth": 0,
    "type": "classified",
    "is_for_permanent": 0,
    "picture_url": "https://cfast.ng/storage/app/categories/custom/thumb-70x70-df08f8bf7905f5b3b82c36057c42659e.png"
    },
    "picture_url": "https://cfast.ng/storage/app/default/categories/thumb-70x70-fa-folder-blue.png"
    },
    {
    "id": 3,
    "parent_id": 1,
    "name": "Buses & Minibus",
    "slug": "buses-and-minibus",
    "description": "",
    "hide_description": null,
    "seo_title": "",
    "seo_description": "",
    "seo_keywords": "",
    "picture": "app/default/categories/fa-folder-blue.png",
    "icon_class": "fas fa-folder",
    "active": 1,
    "lft": 3,
    "rgt": 4,
    "depth": 1,
    "type": "classified",
    "is_for_permanent": 0,
    "parentClosure": {
    "id": 1,
    "parent_id": null,
    "name": "Automobiles",
    "slug": "automobiles",
    "description": "",
    "hide_description": 0,
    "seo_title": "",
    "seo_description": "",
    "seo_keywords": "",
    "picture": "app/categories/custom/df08f8bf7905f5b3b82c36057c42659e.png",
    "icon_class": "fas fa-car",
    "active": 1,
    "lft": 1,
    "rgt": 10,
    "depth": 0,
    "type": "classified",
    "is_for_permanent": 0,
    "picture_url": "https://cfast.ng/storage/app/categories/custom/thumb-70x70-df08f8bf7905f5b3b82c36057c42659e.png"
    },
    "picture_url": "https://cfast.ng/storage/app/default/categories/thumb-70x70-fa-folder-blue.png"
    },
    {
    "id": 4,
    "parent_id": 1,
    "name": "Heavy Equipment",
    "slug": "heavy-equipment",
    "description": "",
    "hide_description": null,
    "seo_title": "",
    "seo_description": "",
    "seo_keywords": "",
    "picture": "app/default/categories/fa-folder-blue.png",
    "icon_class": "fas fa-folder",
    "active": 1,
    "lft": 4,
    "rgt": 5,
    "depth": 1,
    "type": "classified",
    "is_for_permanent": 0,
    "parentClosure": {
    "id": 1,
    "parent_id": null,
    "name": "Automobiles",
    "slug": "automobiles",
    "description": "",
    "hide_description": 0,
    "seo_title": "",
    "seo_description": "",
    "seo_keywords": "",
    "picture": "app/categories/custom/df08f8bf7905f5b3b82c36057c42659e.png",
    "icon_class": "fas fa-car",
    "active": 1,
    "lft": 1,
    "rgt": 10,
    "depth": 0,
    "type": "classified",
    "is_for_permanent": 0,
    "picture_url": "https://cfast.ng/storage/app/categories/custom/thumb-70x70-df08f8bf7905f5b3b82c36057c42659e.png"
    },
    "picture_url": "https://cfast.ng/storage/app/default/categories/thumb-70x70-fa-folder-blue.png"
    },
    {
    "id": 5,
    "parent_id": 1,
    "name": "Motorcycles & Scooters",
    "slug": "motorcycles-and-scooters",
    "description": "",
    "hide_description": null,
    "seo_title": "",
    "seo_description": "",
    "seo_keywords": "",
    "picture": "app/default/categories/fa-folder-blue.png",
    "icon_class": "fas fa-folder",
    "active": 1,
    "lft": 5,
    "rgt": 6,
    "depth": 1,
    "type": "classified",
    "is_for_permanent": 0,
    "parentClosure": {
    "id": 1,
    "parent_id": null,
    "name": "Automobiles",
    "slug": "automobiles",
    "description": "",
    "hide_description": 0,
    "seo_title": "",
    "seo_description": "",
    "seo_keywords": "",
    "picture": "app/categories/custom/df08f8bf7905f5b3b82c36057c42659e.png",
    "icon_class": "fas fa-car",
    "active": 1,
    "lft": 1,
    "rgt": 10,
    "depth": 0,
    "type": "classified",
    "is_for_permanent": 0,
    "picture_url": "https://cfast.ng/storage/app/categories/custom/thumb-70x70-df08f8bf7905f5b3b82c36057c42659e.png"
    },
    "picture_url": "https://cfast.ng/storage/app/default/categories/thumb-70x70-fa-folder-blue.png"
    },
    {
    "id": 6,
    "parent_id": 1,
    "name": "Trucks & Trailers",
    "slug": "trucks-and-trailers",
    "description": "",
    "hide_description": null,
    "seo_title": "",
    "seo_description": "",
    "seo_keywords": "",
    "picture": "app/default/categories/fa-folder-blue.png",
    "icon_class": "fas fa-folder",
    "active": 1,
    "lft": 6,
    "rgt": 7,
    "depth": 1,
    "type": "classified",
    "is_for_permanent": 0,
    "parentClosure": {
    "id": 1,
    "parent_id": null,
    "name": "Automobiles",
    "slug": "automobiles",
    "description": "",
    "hide_description": 0,
    "seo_title": "",
    "seo_description": "",
    "seo_keywords": "",
    "picture": "app/categories/custom/df08f8bf7905f5b3b82c36057c42659e.png",
    "icon_class": "fas fa-car",
    "active": 1,
    "lft": 1,
    "rgt": 10,
    "depth": 0,
    "type": "classified",
    "is_for_permanent": 0,
    "picture_url": "https://cfast.ng/storage/app/categories/custom/thumb-70x70-df08f8bf7905f5b3b82c36057c42659e.png"
    },
    "picture_url": "https://cfast.ng/storage/app/default/categories/thumb-70x70-fa-folder-blue.png"
    },
    {
    "id": 7,
    "parent_id": 1,
    "name": "Vehicle Parts & Accessories",
    "slug": "car-parts-and-accessories",
    "description": "",
    "hide_description": null,
    "seo_title": "",
    "seo_description": "",
    "seo_keywords": "",
    "picture": "app/default/categories/fa-folder-blue.png",
    "icon_class": "fas fa-folder",
    "active": 1,
    "lft": 7,
    "rgt": 8,
    "depth": 1,
    "type": "classified",
    "is_for_permanent": 0,
    "parentClosure": {
    "id": 1,
    "parent_id": null,
    "name": "Automobiles",
    "slug": "automobiles",
    "description": "",
    "hide_description": 0,
    "seo_title": "",
    "seo_description": "",
    "seo_keywords": "",
    "picture": "app/categories/custom/df08f8bf7905f5b3b82c36057c42659e.png",
    "icon_class": "fas fa-car",
    "active": 1,
    "lft": 1,
    "rgt": 10,
    "depth": 0,
    "type": "classified",
    "is_for_permanent": 0,
    "picture_url": "https://cfast.ng/storage/app/categories/custom/thumb-70x70-df08f8bf7905f5b3b82c36057c42659e.png"
    },
    "picture_url": "https://cfast.ng/storage/app/default/categories/thumb-70x70-fa-folder-blue.png"
    },
    {
    "id": 8,
    "parent_id": 1,
    "name": "Watercraft & Boats",
    "slug": "watercraft-and-boats",
    "description": "",
    "hide_description": null,
    "seo_title": "",
    "seo_description": "",
    "seo_keywords": "",
    "picture": "app/default/categories/fa-folder-blue.png",
    "icon_class": "fas fa-folder",
    "active": 1,
    "lft": 8,
    "rgt": 9,
    "depth": 1,
    "type": "classified",
    "is_for_permanent": 0,
    "parentClosure": {
    "id": 1,
    "parent_id": null,
    "name": "Automobiles",
    "slug": "automobiles",
    "description": "",
    "hide_description": 0,
    "seo_title": "",
    "seo_description": "",
    "seo_keywords": "",
    "picture": "app/categories/custom/df08f8bf7905f5b3b82c36057c42659e.png",
    "icon_class": "fas fa-car",
    "active": 1,
    "lft": 1,
    "rgt": 10,
    "depth": 0,
    "type": "classified",
    "is_for_permanent": 0,
    "picture_url": "https://cfast.ng/storage/app/categories/custom/thumb-70x70-df08f8bf7905f5b3b82c36057c42659e.png"
    },
    "picture_url": "https://cfast.ng/storage/app/default/categories/thumb-70x70-fa-folder-blue.png"
    }
    ],
    "links": {
    "first": "https://cfast.ng/api/categories?page=1",
    "last": "https://cfast.ng/api/categories?page=1",
    "prev": null,
    "next": null
    },
    "meta": {
    "current_page": 1,
    "from": 1,
    "last_page": 1,
    "links": [
    {
    "url": null,
    "label": "« Previous",
    "active": false
    },
    {
    "url": "https://cfast.ng/api/categories?page=1",
    "label": "1",
    "active": true
    },
    {
    "url": null,
    "label": "Next »",
    "active": false
    }
    ],
    "path": "https://cfast.ng/api/categories",
    "per_page": 12,
    "to": 7,
    "total": 7
    }
    }
    }
    